Cluster,Population,Load [kW],Grid Length [km],Grid Cost [k€],Connection Length [km],Connection Cost [k€],Connection Type,Substation ID
0,72,28.8,53.611999999999995,2122.417,0.0,0.0,LV,14.0
2,966,386.4,235.537,11653.221000000001,0.0,0.0,MV,1.0
3,4905,1962.0,78.92,1731.171,0.0,0.0,MV,5.0
4,279,111.6,96.115,4521.712,0.0,0.0,MV,8.0
5,134,53.6,41.733999999999995,2005.2220000000002,0.0,0.0,MV,9.0
7,59,23.6,17.316,1173.487,17.514,263.023,,
8,250,100.0,37.779,1013.321,7.386,218.611,HV,16.0
9,1902,760.8,304.468,16308.837,7.903,410.702,,
